r,g,b,height_um
0,0,0,1.2779
0,0,5,3.0527
0,0,12,3.9402
0,0,18,4.8276
0,0,25,5.7150
0,0,32,6.6024
0,0,38,7.4899
0,0,45,8.3773
0,0,51,9.2647
0,0,58,10.1521
0,0,65,11.0396
0,0,71,11.9270
0,0,78,12.8144
0,0,84,13.6663
0,0,91,14.5538
0,0,98,15.4412
0,0,104,16.3286
0,0,111,17.2160
0,0,117,18.1034
0,0,124,18.9909
0,0,131,19.8783
0,0,137,20.7657
0,0,144,21.6531
0,0,150,22.5406
0,0,157,23.4280
0,0,164,24.3154
0,0,170,25.2028
0,0,177,26.0903
0,0,183,26.9777
0,0,190,27.8651
0,0,197,28.7525
0,0,203,29.6400
0,0,210,30.5274
0,0,216,31.4148
0,0,223,32.3022
0,0,230,33.1897
0,0,236,34.0771
0,0,243,34.9645
0,0,250,35.8519
0,1,255,36.7394
0,4,255,37.6268
0,7,255,38.5142
0,10,255,39.4016
0,14,255,40.2890
0,17,255,41.1765
0,20,255,42.0639
0,24,255,42.9158
0,27,255,43.8032
0,30,255,44.6907
0,34,255,45.5781
0,37,255,46.4655
0,40,255,47.3529
0,43,255,48.2404
0,47,255,49.1278
0,50,255,50.0152
0,53,255,50.9026
0,57,255,51.7901
0,60,255,52.6775
0,63,255,53.5649
0,67,255,54.4523
0,70,255,55.3398
0,73,255,56.2272
0,77,255,57.1146
0,80,255,58.0020
0,83,255,58.8895
0,86,255,59.7769
0,90,255,60.6643
0,93,255,61.5517
0,96,255,62.4391
0,100,255,63.3266
0,103,255,64.2140
0,106,255,65.1014
0,110,255,65.9888
0,113,255,66.8763
0,116,255,67.7637
0,119,255,68.6511
0,123,255,69.5385
0,126,255,70.4260
0,129,255,71.3134
0,133,255,72.1653
0,136,255,73.0527
0,139,255,73.9402
0,143,255,74.8276
0,146,255,75.7150
0,149,255,76.6024
0,152,255,77.4899
0,156,255,78.3773
0,159,255,79.2647
0,162,255,80.1521
0,166,255,81.0396
0,169,255,81.9270
0,172,255,82.8144
0,176,255,83.7018
0,179,255,84.5892
0,182,255,85.4767
0,186,255,86.3641
0,189,255,87.2515
0,192,255,88.1389
0,195,255,89.0264
0,199,255,89.9138
0,202,255,90.8012
0,205,255,91.6886
0,209,255,92.5761
0,212,255,93.4635
0,215,255,94.3509
0,219,255,95.2383
0,222,255,96.1258
0,225,255,97.0132
0,228,255,97.9006
0,232,255,98.7880
0,235,255,99.6755
0,238,255,100.5629
0,242,255,101.4148
0,245,255,102.3022
0,248,255,103.1897
0,252,255,104.0771
0,255,255,104.9645
0,255,252,105.8519
0,255,249,106.7394
0,255,245,107.6268
0,255,242,108.5142
0,255,239,109.4016
0,255,235,110.2890
0,255,232,111.1765
0,255,229,112.0639
0,255,226,112.9513
0,255,222,113.8387
0,255,219,114.7262
0,255,216,115.6136
0,255,212,116.5010
0,255,209,117.3884
0,255,206,118.2759
0,255,202,119.1633
0,255,199,120.0507
0,255,196,120.9381
0,255,193,121.8256
0,255,189,122.7130
0,255,186,123.6004
0,255,183,124.4878
0,255,179,125.3753
0,255,176,126.2627
0,255,173,127.1501
0,255,170,128.0375
0,255,166,128.9249
0,255,163,129.8124
0,255,160,130.6643
0,255,156,131.5517
0,255,153,132.4391
0,255,150,133.3266
0,255,147,134.2140
0,255,143,135.1014
0,255,140,135.9888
0,255,137,136.8763
0,255,133,137.7637
0,255,130,138.6511
2,255,127,139.5385
7,255,124,140.4260
12,255,120,141.3134
17,255,117,142.2008
22,255,114,143.0882
26,255,110,143.9757
31,255,107,144.8631
36,255,104,145.7505
41,255,100,146.6379
46,255,97,147.5254
51,255,94,148.4128
56,255,90,149.3002
61,255,87,150.1876
66,255,84,151.0751
71,255,80,151.9625
76,255,77,152.8499
81,255,74,153.7373
86,255,70,154.6247
91,255,67,155.5122
96,255,64,156.3996
101,255,61,157.2870
106,255,57,158.1744
111,255,54,159.0619
116,255,51,159.9138
120,255,47,160.8012
125,255,44,161.6886
130,255,41,162.5761
135,255,37,163.4635
140,255,34,164.3509
145,255,31,165.2383
150,255,27,166.1258
155,255,24,167.0132
160,255,21,167.9006
165,255,17,168.7880
170,255,14,169.6755
175,255,11,170.5629
180,255,7,171.4503
185,255,4,172.3377
190,255,1,173.2252
192,255,0,174.1126
194,255,0,175.0000
196,255,0,175.8874
197,255,0,176.7748
199,255,0,177.6623
201,255,0,178.5497
202,255,0,179.4371
204,255,0,180.3245
206,255,0,181.2120
207,255,0,182.0994
209,255,0,182.9868
210,255,0,183.8742
212,255,0,184.7617
214,255,0,185.6491
215,255,0,186.5365
217,255,0,187.4239
219,255,0,188.3114
220,255,0,189.1633
222,255,0,190.0507
224,255,0,190.9381
225,255,0,191.8256
227,255,0,192.7130
229,255,0,193.6004
230,255,0,194.4878
232,255,0,195.3753
234,255,0,196.2627
235,255,0,197.1501
237,255,0,198.0375
239,255,0,198.9249
240,255,0,199.8124
242,255,0,200.6998
244,255,0,201.5872
245,255,0,202.4746
247,255,0,203.3621
249,255,0,204.2495
250,255,0,205.1369
252,255,0,206.0243
254,255,0,206.9118
255,255,0,207.7992
255,252,0,208.6866
255,250,0,209.5740
255,247,0,210.4615
255,245,0,211.3489
255,242,0,212.2363
255,240,0,213.1237
255,237,0,214.0112
255,235,0,214.8986
255,232,0,215.7860
255,230,0,216.6734
255,227,0,217.5609
255,225,0,218.4128
255,222,0,219.3002
255,220,0,220.1876
255,218,0,221.0751
255,215,0,221.9625
255,213,0,222.8499
255,210,0,223.7373
255,208,0,224.6247
255,205,0,225.5122
255,203,0,226.3996
255,200,0,227.2870
255,198,0,228.1744
255,195,0,229.0619
255,193,0,229.9493
255,190,0,230.8367
255,188,0,231.7241
255,185,0,232.6116
255,183,0,233.4990
255,180,0,234.3864
255,178,0,235.2738
255,175,0,236.1613
255,173,0,237.0487
255,171,0,237.9361
255,168,0,238.8235
255,166,0,239.7110
255,163,0,240.5984
255,161,0,241.4858
255,158,0,242.3732
255,156,0,243.2606
255,153,0,244.1481
255,151,0,245.0355
255,148,0,245.9229
255,146,0,246.8103
255,143,0,247.6623
255,141,0,248.5497
255,138,0,249.4371
255,136,0,250.3245
255,133,0,251.2120
255,131,0,252.0994
255,128,0,252.9868
255,126,0,253.8742
255,124,0,254.7617
255,121,0,255.6491
255,119,0,256.5365
255,116,0,257.4239
255,114,0,258.3114
255,111,0,259.1988
255,109,0,260.0862
255,106,0,260.9736
255,104,0,261.8611
255,101,0,262.7485
255,99,0,263.6359
255,96,0,264.5233
255,94,0,265.4108
255,91,0,266.2982
255,89,0,267.1856
255,86,0,268.0730
255,84,0,268.9604
255,81,0,269.8479
255,79,0,270.7353
255,77,0,271.6227
255,74,0,272.5101
255,72,0,273.3976
255,69,0,274.2850
255,67,0,275.1724
255,64,0,276.0598
255,66,3,276.9118
255,68,6,277.7992
255,70,8,278.6866
255,72,11,279.5740
255,73,14,280.4615
255,75,17,281.3489
255,77,20,282.2363
255,79,23,283.1237
255,81,26,284.0112
255,83,29,284.8986
255,85,31,285.7860
255,87,34,286.6734
255,89,37,287.5609
255,91,40,288.4483
255,93,43,289.3357
255,94,46,290.2231
255,96,49,291.1105
255,98,52,291.9980
255,100,54,292.8854
255,102,57,293.7728
255,104,60,294.6602
255,106,63,295.5477
255,108,66,296.4351
255,110,69,297.3225
255,112,72,298.2099
255,114,75,299.0974
255,116,77,299.9848
255,117,80,300.8722
255,119,83,301.7596
255,121,86,302.6471
255,123,89,303.5345
255,125,92,304.4219
255,127,95,305.3093
255,129,98,306.1613
255,131,100,307.0487
255,133,103,307.9361
255,135,106,308.8235
255,137,109,309.7110
255,138,112,310.5984
255,140,115,311.4858
255,142,118,312.3732
255,144,121,313.2606
255,146,123,314.1481
255,148,126,315.0355
255,150,129,315.9229
255,152,132,316.8103
255,154,135,317.6978
255,156,138,318.5852
255,158,141,319.4726
255,160,144,320.3600
255,161,147,321.2475
255,163,149,322.1349
255,165,152,323.0223
255,167,155,323.9097
255,169,158,324.7972
255,171,161,325.6846
255,173,164,326.5720
255,175,167,327.4594
255,177,170,328.3469
255,179,172,329.2343
255,181,175,330.1217
255,182,178,331.0091
255,184,181,331.8966
255,186,184,332.7840
255,188,187,333.6714
255,190,190,334.5588
255,193,193,335.4108
255,196,196,336.2982
255,200,200,337.1856
255,203,203,338.0730
255,207,207,338.9604
255,210,210,339.8479
255,214,214,340.7353
255,217,217,341.6227
255,220,220,342.5101
255,224,224,343.3976
255,227,227,344.2850
255,231,231,345.1724
255,234,234,346.0598
255,238,238,346.9473
255,241,241,347.8347
255,245,245,348.7221
255,248,248,349.6095
